ads_idx,ctr
57222,0.31533947587
57226,0.234708726406
56376,0.336444526911
57071,0.52902674675
57091,0.52902674675
57249,0.717102229595
56375,0.190850943327
56379,0.343841612339
56383,0.343841612339
57174,0.750115871429
