ads_idx,ctr
57222,0.465938210487
57226,0.287720412016
56376,0.472390323877
57071,0.267261773348
57091,0.267261773348
57249,0.879533290863
56375,0.281707793474
56379,0.528641343117
56383,0.528641343117
57174,0.851028442383
